S.No,State,District ,Code ,Headquarters ,Population (2011) ,Area (km²) ,Density (/km²),
1,Maharashtra (MH),Thane,TH,Thane,"1,10,60,148","9,558","1,157",
2,West Bengal (WB),North 24 Parganas,PN,Barasat,"1,00,82,852","4,094","2,463",
3,Karnataka (KA),Bangalore Urban,BN,Bangalore,"95,88,910","2,190","4,378",
4,Maharashtra (MH),Pune,PU,Pune,"94,26,959","15,643",603,
5,Maharashtra (MH),Mumbai suburban,MU,Bandra (East),"93,32,481",369,"20,925",
6,West Bengal (WB),South 24 Parganas,PS,Alipore,"81,53,176","9,960",819,
7,West Bengal (WB),Bardhaman,BR,Bardhaman,"77,23,663","7,024","1,100",
8,Gujarat (GJ),Ahmedabad,AH,Ahmedabad,"72,08,200","8,707",890,
9,West Bengal (WB),Murshidabad,MSD,Baharampur,"71,02,430","5,324","1,334",
10,Rajasthan (RJ),Jaipur,JP,Jaipur,"66,63,971","11,152",598,
11,Maharashtra (MH),Nashik,NS,Nashik,"61,09,052","15,539",393,
12,Uttar Pradesh (UP),Allahabad,AH,Allahabad,"59,59,798","5,481","1,087",
13,Bihar (BR),Patna,PA,Patna,"57,72,804","3,202","1,803",
14,West Bengal (WB),Hooghly,HG,Hugli-Chuchura,"55,20,389","3,149","1,753",
15,Telangana (TS),Ranga Reddy,RA,Hyderabad,"52,96,396","7,493",707,
16,West Bengal (WB),Nadia,NA,Krishnanagar,"51,68,488","3,927","1,316",
17,Andhra Pradesh (AP),East Godavari,EG,Kakinada,"51,51,549","10,807",477,
18,West Bengal (WB),Paschim Medinipur,PM,Midnapore,"50,94,238","9,345","1,076",
19,Bihar (BR),East Champaran,EC,Motihari,"50,82,868","3,969","1,281",
20,Gujarat (GJ),Surat,ST,Surat,"49,96,391","4,327",653,
21,Andhra Pradesh (AP),Guntur,GU,Guntur,"48,89,230","11,391",429,
22,West Bengal (WB),Howrah,HR,Howrah,"48,41,638","1,467","3,300",
23,Bihar (BR),Muzaffarpur,MZ,Muzaffarpur,"47,78,610","3,173","1,506",
24,Karnataka (KA),Belgaum,BG,Belgaum,"47,78,439","13,415",356,
25,Uttar Pradesh (UP),Moradabad,MO,Moradabad,"47,73,138","3,718","1,284",
26,Tamil Nadu (TN),Chennai,CH,Chennai (Madras),"46,81,087",174,"26,903",
27,Uttar Pradesh (UP),Ghaziabad,GZ,Ghaziabad,"46,61,452","1,175","3,967",
28,Maharashtra (MH),Nagpur,NG,Nagpur,"46,53,171","9,892",470,
29,Uttar Pradesh (UP),Azamgarh,AZ,Azamgarh,"46,16,509","4,053","1,139",
30,Uttar Pradesh (UP),Lucknow,LU,Lucknow,"45,88,455","2,528","1,815",
31,Uttar Pradesh (UP),Kanpur Nagar,KN,Kanpur,"45,72,951","3,156","1,415",
32,Maharashtra (MH),Ahmednagar,AH,Ahmednagar,"45,43,083","17,048",266,
33,Andhra Pradesh (AP),Krishna,KR,Machilipatnam,"45,29,009","8,727",519,
34,West Bengal (WB),Kolkata,KO,Kolkata,"44,86,679",185,"24,252",
35,Uttar Pradesh (UP),Jaunpur district,JU,Jaunpur,"44,76,072","4,038","1,108",
36,Bihar (BR),Madhubani,MB,Madhubani,"44,76,044","3,501","1,279",
37,Uttar Pradesh (UP),Sitapur,SI,Sitapur,"44,74,446","5,743",779,
38,Uttar Pradesh (UP),Bareilly,BR,Bareilly,"44,65,344","4,120","1,084",
39,Uttar Pradesh (UP),Gorakhpur,GR,Gorakhpur,"44,36,275","3,325","1,336",
40,West Bengal (WB),Purba Medinipur,PR,Tamluk,"44,17,377","4,736",923,
41,Uttar Pradesh (UP),Agra,AG,Agra,"43,80,793","4,027","1,084",
42,Bihar (BR),Gaya,GA,Gaya,"43,79,383","4,978",880,
43,Maharashtra (MH),Solapur,SO,Solapur,"43,15,527","14,895",290,
44,Andhra Pradesh (AP),Visakhapatnam,VS,Visakhapatnam,"42,88,113","11,161",384,
45,Bihar (BR),Samastipur,SM,Samastipur,"42,54,782","2,905","1,465",
46,Maharashtra (MH),Jalgaon,JG,Jalgaon,"42,24,442","11,765",359,
47,Andhra Pradesh (AP),Chittoor,CH,Chittoor,"41,70,468","15,152",275,
48,Uttar Pradesh (UP),Muzaffarnagar,MU,Muzaffarnagar,"41,38,605","4,008","1,033",
49,Kerala (KL),Malappuram,MA,Malappuram,"41,10,956","3,550","1,058",
50,Uttar Pradesh (UP),Hardoi,HR,Hardoi,"40,91,380","5,986",683,
51,Andhra Pradesh (AP),Anantapur,AN,Anantapur,"40,83,315","19,130",213,
52,Chhattisgarh (CG),Raipur,RP,Raipur,"40,62,160","13,083",310,
53,Andhra Pradesh (AP),Kurnool,KU,Kurnool,"40,46,601","17,658",229,
54,Telangana (TS),Mahbubnagar,MA,Mahbubnagar,"40,42,191","18,432",219,
55,Uttar Pradesh (UP),Lakhimpur Kheri,LK,Lakhimpur,"40,13,634","7,674",523,
56,Telangana (TS),Hyderabad,HY,Hyderabad,"40,10,238",217,"18,480",
57,West Bengal (WB),Maldah,MA,English Bazar,"39,97,970","3,733","1,071",
58,Tamil Nadu (TN),Madurai,MA,Madurai,"39,91,038","3,676",823,
59,Tamil Nadu (TN),Kanchipuram,KC,Kanchipuram,"39,90,897","4,433",927,
60,Bihar (BR),Saran,SR,Chhapra,"39,43,098","2,641","1,493",
61,Bihar (BR),West Champaran,WC,Bettiah,"39,35,042","5,229",753,
62,Andhra Pradesh (AP),West Godavari,WG,Eluru,"39,34,782","7,742",508,
63,Tamil Nadu (TN),Vellore,VE,Vellore,"39,28,106","6,077",646,
64,Bihar (BR),Darbhanga,DA,Darbhanga,"39,21,971","2,278","1,721",
65,Maharashtra (MH),Kolhapur,KO,Kolhapur,"38,74,015","7,685",504,
66,West Bengal (WB),Jalpaiguri,JA,Jalpaiguri,"38,69,675","6,227",621,
67,Telangana (TS),Karimnagar,KA,Karimnagar,"38,11,738","11,823",322,
68,Uttar Pradesh (UP),Sultanpur,SU,Sultanpur,"37,90,922","4,436",855,
69,Tamil Nadu (TN),Tiruvallur,TL,Tiruvallur,"37,25,697","3,424","1,049",
70,Uttar Pradesh (UP),Budaun,BD,Budaun,"37,12,738","5,168",718,
71,Maharashtra (MH),Aurangabad,AU,Aurangabad,"36,95,928","10,107",365,
72,Rajasthan (RJ),Jodhpur,JO,Jodhpur,"36,85,681","22,850",161,
73,Uttar Pradesh (UP),Bijnor,BI,Bijnor,"36,83,896","4,561",808,
74,Uttar Pradesh (UP),Varanasi,VA,Varanasi,"36,82,194","1,535","2,399",
75,Uttar Pradesh (UP),Aligarh,AL,Aligarh,"36,73,849","3,747","1,007",
76,Rajasthan (RJ),Alwar,AL,Alwar,"36,71,999","8,380",438,
77,Delhi (DL),North West Delhi,NW,Kanjhawala,"36,51,261",130,"8,298",
78,Gujarat (GJ),Vadodara,VD,Vadodara,"36,39,775","7,794",467,
79,Uttar Pradesh (UP),Ghazipur,GP,Ghazipur,"36,22,727","3,377","1,072",
80,West Bengal (WB),Bankura,BN,Bankura,"35,96,292","6,882",523,
81,Uttar Pradesh (UP),Kushinagar,KU,Padrauna,"35,60,830","2,909","1,226",
82,Telangana (TS),Warangal,WA,Warangal,"35,22,644","12,846",274,
83,Odisha (OD),Ganjam,GN,Chhatrapur,"35,20,151","8,033",429,
84,West Bengal (WB),Birbhum,BI,Suri,"35,02,387","4,545",771,
85,Uttar Pradesh (UP),Bulandshahr,BU,Bulandshahr,"34,98,507","3,719",788,
86,Bihar (BR),Vaishali,VA,Hajipur,"34,95,021","2,036","1,717",
87,Punjab (PB),Ludhiana,LU,Ludhiana,"34,87,882","3,744",975,
88,Telangana (TS),Nalgonda,NA,Nalgonda,"34,83,648","14,240",245,
89,Tamil Nadu (TN),Salem,SA,Salem,"34,80,008","5,245",663,
90,Tamil Nadu (TN),Coimbatore,CO,Coimbatore,"34,72,578","7,469",748,
91,Uttar Pradesh (UP),Saharanpur,SA,Saharanpur,"34,64,228","3,689",939,
92,Tamil Nadu (TN),Viluppuram,VL,Viluppuram,"34,63,284","7,190",462,
93,Uttar Pradesh (UP),Meerut,ME,Meerut,"34,47,405","2,522","1,342",
94,Uttar Pradesh (UP),Gonda,GN,Gonda,"34,31,386","4,425",857,
95,Bihar (BR),Sitamarhi,ST,Sitamarhi,"34,19,622","2,199","1,491",
96,Uttar Pradesh (UP),Raebareli,RB,Raebareli,"34,04,004","4,609",739,
97,Andhra Pradesh (AP),Prakasam,PR,Ongole,"33,92,764","17,626",192,
98,Maharashtra (MH),Nanded,ND,Nanded,"33,56,566","10,528",319,
99,Chhattisgarh (CG),Durg,DU,Durg,"33,43,079","8,542",391,
100,Bihar (BR),Siwan,SW,Siwan,"33,18,176","2,219","1,495",
101,Rajasthan (RJ),Nagaur,NA,Nagaur,"33,09,234","17,718",187,
102,Kerala (KL),Thiruvananthapuram,TV,Thiruvananthapuram,"33,07,284","2,192","1,509",
103,Kerala (KL),Ernakulam,ER,Kakkanad,"32,79,860","2,951","1,069",
104,Bihar (BR),Purnia,PU,Purnia,"32,73,127","3,228","1,014",
105,Madhya Pradesh (MP),Indore,IN,Indore,"32,72,335","3,898",839,
106,Uttar Pradesh (UP),Barabanki,BB,Barabanki,"32,57,983","3,825",739,
107,Uttar Pradesh (UP),Ballia,BL,Ballia,"32,23,642","2,981","1,081",
108,Uttar Pradesh (UP),Pratapgarh,PR,Pratapgarh,"31,73,752","3,717",854,
109,Gujarat (GJ),Rajkot,RA,Rajkot,"31,57,676","11,203",282,
110,Maharashtra (MH),Mumbai City,MC, —,"31,45,966",69,"20,038",
111,Gujarat (GJ),Banaskantha,BK,Palanpur,"31,16,045","12,703",290,
112,Uttar Pradesh (UP),Unnao,UN,Unnao,"31,10,595","4,561",682,
113,Kerala (KL),Thrissur,TS,Thrissur,"31,10,327","3,032","1,026",
114,Uttar Pradesh (UP),Deoria,DE,Deoria,"30,98,637","2,535","1,220",
115,Kerala (KL),Kozhikode,KZ,Kozhikode,"30,89,543","2,345","1,318",
116,Tamil Nadu (TN),Tirunelveli,TI,Tirunelveli,"30,72,880","6,703",458,
117,Bihar (BR),Katihar,KT,Katihar,"30,68,149","3,056","1,004",
118,Rajasthan (RJ),Udaipur,UD,Udaipur,"30,67,549","13,430",242,
119,Bihar (BR),Bhagalpur,BG,Bhagalpur,"30,32,226","2,569","1,180",
120,Telangana (TS),Medak,ME,Sangareddi,"30,31,877","9,699",313,
121,Maharashtra (MH),Satara,ST,Satara,"30,03,922","10,475",287,
122,Uttar Pradesh (UP),Shahjahanpur,SJ,Shahjahanpur,"30,02,376","4,575",673,
123,West Bengal (WB),Uttar Dinajpur,UD,Raiganj,"30,00,849","3,180",956,
124,Karnataka (KA),Mysore,MY,Mysore,"29,94,744","6,854",437,
125,Andhra Pradesh (AP),Sri Potti Sriramulu Nellore,NE,Nellore,"29,66,082","13,076",227,
126,Bihar (BR),Rohtas,RO,Sasaram,"29,62,593","3,850",763,
127,Bihar (BR),Begusarai,BE,Begusarai,"29,54,367","1,917","1,540",
128,West Bengal (WB),Purulia,PU,Purulia,"29,27,965","6,259",468,
129,Jharkhand (JH),Ranchi,RA,Ranchi,"29,12,022","7,974",557,
130,Punjab (PB),Patiala,PA,Patiala,"28,92,282","3,175",596,
131,Maharashtra (MH),Amravati,AM,Amravati,"28,87,826","12,235",237,
132,Andhra Pradesh (AP),Kadapa,CU,Kadapa,"28,84,524","15,359",188,
133,Gujarat (GJ),Bhavnagar,BV,Bhavnagar,"28,77,961","11,155",288,
134,Bihar (BR),Nalanda,NL,Bihar Sharif,"28,72,523","2,354","1,220",
135,Tamil Nadu (TN),Kanyakumari,KK,Nagercoil,"28,63,178","1,685","1,106",
136,Assam (AS),Nagaon,NG,Nagaon,"28,26,006","3,831",711,
137,West Bengal (WB),Cooch Behar,KB,Cooch Behar,"28,22,780","3,387",833,
138,Maharashtra (MH),Sangli,SN,Sangli,"28,20,575","8,572",329,
139,Kerala (KL),Palakkad,PL,Palakkad,"28,10,892","4,480",627,
140,Bihar (BR),Araria,AR,Araria,"28,06,200","2,829",992,
141,Telangana (TS),Khammam,KH,Khammam,"27,98,214","16,029",175,
142,Maharashtra (MH),Yavatmal,YA,Yavatmal,"27,75,457","13,582",204,
143,Gujarat (GJ),Junagadh,JU,Junagadh,"27,42,291","8,839",310,
144,Telangana (TS),Adilabad,AD,Adilabad,"27,37,738","16,105",170,
145,Delhi (DL),South Delhi,SD,Saket,"27,33,752",250,"10,935",
146,Bihar (BR),Bhojpur,BJ,Arrah,"27,20,155","2,473","1,136",
147,Tamil Nadu (TN),Tiruchirappalli,TC,Tiruchirappalli,"27,13,858","4,407",602,
148,Andhra Pradesh (AP),Srikakulam,SR,Srikakulam,"26,99,471","5,837",462,
149,Jharkhand (JH),Dhanbad,DH,Dhanbad,"26,82,662","2,075","1,284",
150,Karnataka (KA),Tumkur,TU,Tumkur,"26,81,449","10,598",253,
151,Rajasthan (RJ),Sikar,SK,Sikar,"26,77,737","7,732",346,
152,Uttar Pradesh (UP),Maharajganj,MG,Maharajganj,"26,65,292","2,953",903,
153,Chhattisgarh (CG),Bilaspur,BI,Bilaspur,"26,62,077",6377,322,
154,Maharashtra (MH),Raigad,RG,Alibag,"26,35,394","7,152",368,
155,Uttar Pradesh (UP),Fatehpur,FT,Fatehpur,"26,32,684","4,152",634,
156,Kerala (KL),Kollam,KL,Kollam,"26,29,703","2,498","1,056",
157,Odisha (OD),Cuttack,CU,Cuttack,"26,18,708","3,915",666,
158,Rajasthan (RJ),Barmer,BM,Barmer,"26,04,453","28,387",92,
159,Tamil Nadu (TN),Cuddalore,CU,Cuddalore,"26,00,880","3,999",702,
160,Maharashtra (MH),Buldhana,BU,Buldhana,"25,88,039","9,661",268,
161,Maharashtra (MH),Beed,BI,Beed,"25,85,962","10,693",242,
162,Rajasthan (RJ),Ajmer,AJ,Ajmer,"25,84,913","8,481",305,
163,Karnataka (KA),Gulbarga,GU,Gulbarga,"25,64,892","10,990",233,
164,Bihar (BR),Gopalganj,GO,Gopalganj,"25,58,037","2,033","1,258",
165,Uttar Pradesh (UP),Siddharthnagar,SN,Navgarh,"25,53,526","2,751",882,
166,Telangana (TS),Nizamabad,NI,Nizamabad,"25,52,073","7,956",321,
167,Rajasthan (RJ),Bharatpur,BP,Bharatpur,"25,49,121","5,066",503,
168,Uttar Pradesh (UP),Mathura,MT,Mathura,"25,41,894","3,333",761,
169,Karnataka (KA),Bellary,BL,Bellary,"25,32,383","8,439",300,
170,Delhi (DL),West Delhi,WD,Rajouri Garden,"25,31,583",112,"19,625",
171,Kerala (KL),Kannur,KN,Kannur,"25,25,637","2,966",852,
172,Odisha (OD),Mayurbhanj,MY,Baripada,"25,13,895","10,418",241,
173,Bihar (BR),Aurangabad,AU,Aurangabad,"25,11,243","3,303",760,
174,Uttar Pradesh (UP),Firozabad,FI,Firozabad,"24,96,761","2,361","1,044",
175,Uttar Pradesh (UP),Mirzapur,MI,Mirzapur,"24,94,533","4,522",561,
176,Punjab (PB),Amritsar,AM,Amritsar,"24,90,891","2,673",932,
177,Tamil Nadu (TN),Tirupur,TP,Tirupur,"24,71,222","5,106",476,
178,Tamil Nadu (TN),Tiruvannamalai,TV,Tiruvannaamalai,"24,68,965","6,191",399,
179,Uttar Pradesh (UP),Faizabad,FZ,Faizabad,"24,68,371","2,765","1,054",
180,Uttar Pradesh (UP),Basti,BS,Basti,"24,61,056","2,687",916,
181,Madhya Pradesh (MP),Jabalpur,JA,Jabalpur,"24,60,714","5,210",472,
182,Maharashtra (MH),Latur,LA,Latur,"24,55,543","7,157",343,
183,Jharkhand (JH),Giridih,GI,Giridih,"24,45,203","4,887",497,
184,Gujarat (GJ),Sabarkantha,SK,Himatnagar,"24,27,346","7,390",328,
185,Rajasthan (RJ),Bhilwara,BW,Bhilwara,"24,10,459","10,455",230,
186,Tamil Nadu (TN),Thanjavur,TJ,Thanjavur,"24,02,781","3,397",691,
187,Uttar Pradesh (UP),Ambedkar Nagar,AN,Akbarpur,"23,98,709","2,372","1,021",
188,Gujarat (GJ),Panchmahal,PM,Godhra,"23,88,267","5,219",458,
189,Uttar Pradesh (UP),Bahraich,BH,Bahraich,"23,84,239","4,926",415,
190,Madhya Pradesh (MP),Sagar,SG,Sagar,"23,78,295","10,252",272,
191,Madhya Pradesh (MP),Bhopal,BP,Bhopal,"23,68,145","2,772",854,
192,Rajasthan (RJ),Bikaner,BI,Bikaner,"23,67,745","27,244",78,
193,Madhya Pradesh (MP),Rewa,RE,Rewa,"23,63,744","6,314",374,
194,Andhra Pradesh (AP),Vizianagaram,VZ,Vizianagaram,"23,42,868","6,539",358,
195,Uttar Pradesh (UP),Rampur,RA,Rampur,"23,35,398","2,367",987,
196,Odisha (OD),Balasore,BW,Balasore,"23,17,419","3,706",609,
197,Punjab (PB),Gurdaspur,GU,Gurdaspur,"22,99,026","3,542",649,
198,Gujarat (GJ),Kheda,KH,Nadiad,"22,98,934","4,215",541,
199,Delhi (DL),South West Delhi,SW,Vasant Vihar,"22,92,363",395,"5,445",
200,Jharkhand (JH),East Singhbhum,ES,Jamshedpur,"22,91,032","3,533",648,
201,Tamil Nadu (TN),Erode,ER,Erode,"22,59,608","5,714",397,
202,Odisha (OD),Khordha,KH,Khordha,"22,46,341","2,888",799,
203,Delhi (DL),North East Delhi,NE,Shahdara,"22,40,749",52,"37,346",
204,Madhya Pradesh (MP),Satna,ST,Satna,"22,28,619","7,502",297,
205,Bihar (BR),Supaul,SU,Supaul,"22,28,397","2,410",919,
206,Uttar Pradesh (UP),Sambhal(Bheem Nagar),SM,Sambhal,"22,17,020",-,-,
207,Bihar (BR),Nawada,NW,Nawada,"22,16,653","2,492",889,
208,Uttar Pradesh (UP),Mau,MB,Mau,"22,05,170","1,713","1,287",
209,Maharashtra (MH),Chandrapur,CH,Chandrapur,"21,94,262","11,443",192,
210,Madhya Pradesh (MP),Dhar,DH,Dhar,"21,84,672","8,153",268,
211,Punjab (PB),Jalandhar,JA,Jalandhar,"21,81,753","2,625",831,
212,Karnataka (KA),Vijayapura,BJ,Vijayapura,"21,75,102","10,517",207,
213,Tamil Nadu (TN),Dindigul,DI,Dindigul,"21,61,367","6,058",357,
214,Gujarat (GJ),Jamnagar,JA,Jamnagar,"21,59,130","14,125",153,
215,Uttar Pradesh (UP),Balrampur,BP,Balrampur,"21,49,066","3,349",642,
216,Rajasthan (RJ),Jhunjhunu,JJ,Jhunjhunu,"21,39,658","5,928",361,
217,Gujarat (GJ),Dahod,DA,Dahod,"21,26,558","3,642",582,
218,Kerala (KL),Alappuzha,AL,Alappuzha,"21,21,943","1,414","1,501",
219,Gujarat (GJ),Kutch,KA,Bhuj,"20,90,313","45,652",46,
220,Madhya Pradesh (MP),Chhindwara,CN,Chhindwara,"20,90,306","11,815",177,
221,Gujarat (GJ),Anand,AN,Anand,"20,90,276","2,942",711,
222,Karnataka (KA),Dakshina Kannada,DK,Mangalore,"20,83,625","4,559",457,
223,Odisha (OD),Sundargarh,SU,Sundargarh,"20,80,664","9,942",214,
224,Jharkhand (JH),Bokaro,BO,Bokaro,"20,61,918","2,861",716,
225,Maharashtra (MH),Dhule,DH,Dhule,"20,48,781","8,095",285,
226,Rajasthan (RJ),Churu,CR,Churu,"20,41,172","16,830",148,
227,Rajasthan (RJ),Pali,PA,Pali,"20,38,533","12,387",165,
228,Uttar Pradesh (UP),Pilibhit,PI,Pilibhit,"20,37,225","3,499",567,
229,Madhya Pradesh (MP),Gwalior,GW,Gwalior,"20,30,543","5,465",445,
230,Bihar (BR),Banka,BA,Banka,"20,29,339","3,018",672,
231,Gujarat (GJ),Mehsana,MA,Mehsana,"20,27,727","4,386",462,
232,Punjab (PB),Firozpur,FI,Firozpur,"20,26,831","5,334",380,
233,Uttar Pradesh (UP),Jhansi,JH,Jhansi,"20,00,755","5,024",398,
234,Punjab (PB),Pathankot,PA,Pathankot,"19,98,464",,398,
235,Bihar (BR),Madhepura,MP,Madhepura,"19,94,618","1,787","1,116",
236,Madhya Pradesh (MP),Ujjain,UJ,Ujjain,"19,86,597","6,091",356,
237,Kerala (KL),Kottayam,KT,Kottayam,"19,79,384","2,203",896,
238,Rajasthan (RJ),Ganganagar,GA,Ganganagar,"19,69,520","10,990",179,
239,Madhya Pradesh (MP),Morena,MO,Morena,"19,65,137","4,991",394,
240,Maharashtra (MH),Jalna,JN,Jalna,"19,58,483","7,718",255,
241,Uttar Pradesh (UP),Chandauli,CD,Chandauli,"19,52,713","2,554",768,
242,Rajasthan (RJ),Kota,KO,Kota,"19,50,491","5,446",374,
243,Assam (AS),Dhubri,DB,Dhubri,"19,48,632","2,838",683,
244,Karnataka (KA),Davanagere,DA,Davangere,"19,46,905","5,926",329,
245,Tamil Nadu (TN),Virudhunagar,VR,Virudhunagar,"19,43,309","3,446",454,
246,Jharkhand (JH),Palamu,PL,Daltonganj,"19,36,319","5,082",381,
247,Uttarakhand (UK),Haridwar,HA,Haridwar,"19,27,029","2,360",817,
248,Assam (AS),Sonitpur,SO,Tezpur,"19,25,975","5,324",365,
249,Karnataka (KA),Raichur,RA,Raichur,"19,24,773","6,839",228,
250,Tamil Nadu (TN),Pudukkottai,PU,Pudukkottai,"19,18,725","4,651",348,
251,Bihar (BR),Saharsa,SH,Saharsa,"18,97,102","1,702","1,125",
252,Karnataka (KA),Bagalkot,BK,Bagalkot,"18,90,826","6,583",288,
253,Uttar Pradesh (UP),Farrukhabad,FR,Fatehgarh,"18,87,577","2,279",865,
254,Tamil Nadu (TN),Krishnagiri,KR,Krishnagiri,"18,83,731","5,086",370,
255,Madhya Pradesh (MP),Khargone (West Nimar),WN,Khargone,"18,72,413","8,010",233,
256,Uttar Pradesh (UP),Sonbhadra,SO,Robertsganj,"18,62,612","6,788",274,
257,Uttar Pradesh (UP),Mainpuri,MP,Mainpuri,"18,47,194","2,760",670,
258,Karnataka (KA),Dharwad,DH,Dharwad,"18,46,993","4,265",434,
259,West Bengal (WB),Darjeeling,DA,Darjeeling,"18,42,034","3,149",585,
260,Uttar Pradesh (UP),Jyotiba Phule Nagar,JP,Amroha,"18,38,771","2,321",818,
261,Maharashtra (MH),Parbhani,PA,Parbhani,"18,35,982","6,511",295,
262,Rajasthan (RJ),Jalore,JL,Jalore,"18,30,151","10,640",172,
263,Odisha (OD),Jajpur,JP,Panikoili,"18,26,275","2,885",630,
264,Maharashtra (MH),Akola,AK,Akola,"18,18,617","5,429",321,
265,Karnataka (KA),Mandya,MA,Mandya,"18,08,680","4,961",365,
266,Odisha (OD),Kendujhar (Keonjhar),KJ,Kendujhar,"18,02,777","8,336",217,
267,Uttar Pradesh (UP),Banda,BN,Banda,"17,99,541","4,413",404,
268,Haryana (HR),Faridabad,FR,Faridabad,"17,98,954",783,"2,298",
269,Rajasthan (RJ),Banswara,BN,Banswara,"17,98,194","5,037",399,
270,Uttar Pradesh (UP),Kanpur Dehat (Ramabai Nagar),KD,Akbarpur (Mati),"17,95,092","3,021",594,
271,Rajasthan (RJ),Hanumangarh,HA,Hanumangarh,"17,79,650","9,670",184,
272,Karnataka (KA),Hassan,HS,Hassan,"17,76,221","6,814",261,
273,Madhya Pradesh (MP),Chhatarpur,CT,Chhatarpur,"17,62,857","8,687",203,
274,Uttar Pradesh (UP),Etah,ET,Etah,"17,61,152","2,456",717,
275,Bihar (BR),Jamui,JA,Jamui,"17,56,078","3,099",567,
276,Gujarat (GJ),Surendranagar,SN,Surendranagar,"17,55,873","10,489",167,
277,Karnataka (KA),Shimoga,SH,Shimoga,"17,55,512","8,495",207,
278,Haryana (HR),Hissar,HI,Hissar,"17,42,815","3,788",438,
279,Tamil Nadu (TN),Thoothukudi,TK,Thoothukudi (Tuticorin),"17,38,376","4,594",378,
280,Assam (AS),Cachar,CA,Silchar,"17,36,319","3,786",459,
281,Jharkhand (JH),Hazaribag,HA,Hazaribag,"17,34,005","4,302",403,
282,Madhya Pradesh (MP),Shivpuri,SV,Shivpuri,"17,25,818","10,290",168,
283,Tamil Nadu (TN),Namakkal,NM,Namakkal,"17,21,179","3,429",506,
284,Uttar Pradesh (UP),Sant Kabir Nagar,SK,Khalilabad,"17,14,300","1,442","1,014",
285,Delhi (DL),East Delhi,ED,Preet Vihar,"17,07,725",440,"26,683",
286,Bihar (BR),Buxar,BU,Buxar,"17,07,643","1,624","1,003",
287,Madhya Pradesh (MP),Bhind,BD,Bhind,"17,03,562","4,459",382,
288,Gujarat (GJ),Valsad,VL,Valsad,"17,03,068","3,034",561,
289,Madhya Pradesh (MP),Balaghat,BL,Balaghat,"17,01,156","9,229",184,
290,Karnataka (KA),Bidar,BD,Bidar,"17,00,018","5,448",312,
291,West Bengal (WB),Alipurduar,AD,Alipurduar,"17,00,000","3,383",400,
292,Uttarakhand (UK),Dehradun,DD,Dehradun,"16,98,560","3,088",550,
293,Odisha (OD),Puri,PU,Puri,"16,97,983","3,055",488,
294,Assam (AS),Barpeta,BA,Barpeta,"16,93,190","3,245",632,
295,Bihar (BR),Kishanganj,KI,Kishanganj,"16,90,948","1,884",898,
296,Uttar Pradesh (UP),Gautam Buddh Nagar,GB,Noida,"16,74,714","1,269","1,252",
297,West Bengal (WB),Dakshin Dinajpur,DD,Balurghat,"16,70,931","2,183",753,
298,Uttar Pradesh (UP),Jalaun,JL,Orai,"16,70,718","4,565",366,
299,Karnataka (KA),Chitradurga,CT,Chitradurga,"16,60,378","8,437",197,
300,Maharashtra (MH),Osmanabad,OS,Osmanabad,"16,60,311","7,569",219,
301,Uttar Pradesh (UP),Kannauj,KJ,Kannauj,"16,58,005","1,993",792,
302,Bihar (BR),Khagaria,KH,Khagaria,"16,57,599","1,486","1,115",
303,Punjab (PB),Sangrur,SA,Sangrur,"16,54,408","3,685",449,
304,Odisha (OD),Balangir,BL,Balangir,"16,48,574","6,552",251,
305,Uttarakhand (UK),Udham Singh Nagar,US,Rudrapur,"16,48,367","2,912",648,
306,Maharashtra (MH),Nandurbar,NB,Nandurbar,"16,46,177","5,055",276,
307,Rajasthan (RJ),Dausa,DA,Dausa,"16,37,226","3,429",476,
308,Haryana (HR),Bhiwani,BH,Bhiwani,"16,29,109","5,140",341,
309,Bihar (BR),Kaimur,KM,Bhabua,"16,26,900","3,363",488,
310,Chhattisgarh (CG),Janjgir-Champa,JC,Naila Janjgir,"16,20,632","3,848",421,
311,Tamil Nadu (TN),Nagapattinam,NG,Nagapattinam,"16,14,069","2,716",668,
312,Maharashtra (MH),Ratnagiri,RT,Ratnagiri,"16,12,672","8,208",196,
313,Karnataka (KA),Haveri district,HV,Haveri,"15,98,506","4,825",331,
314,Uttar Pradesh (UP),Kaushambi,KS,Manjhanpur,"15,96,909","1,837",897,
315,Punjab (PB),Hoshiarpur,HO,Hoshiarpur,"15,82,793","3,397",466,
316,Uttar Pradesh (UP),Etawah,EW,Etawah,"15,79,160","2,287",683,
317,Madhya Pradesh (MP),Betul,BE,Betul,"15,75,247","10,043",157,
318,Odisha (OD),Kalahandi,KL,Bhawanipatna,"15,73,054","8,197",199,
319,Uttar Pradesh (UP),Hathras (Mahamaya Nagar),HT,Hathras,"15,65,678","1,752",851,
320,Madhya Pradesh (MP),Dewas,DE,Dewas,"15,63,107","7,020",223,
321,Uttar Pradesh (UP),Sant Ravidas Nagar,SR,Gyanpur,"15,54,203",960,"1,531",
322,Gujarat (GJ),Bharuch,BR,Bharuch,"15,50,822","6,524",238,
323,Madhya Pradesh (MP),Rajgarh,RG,Rajgarh,"15,46,541","6,143",251,
324,Rajasthan (RJ),Chittorgarh,CT,Chittorgarh,"15,44,392","10,856",193,
325,Karnataka (KA),Kolar,KL,Kolar,"15,40,231","4,012",384,
326,Chhattisgarh (CG),Rajnandgaon,RN,Rajnandgaon,"15,37,520","8,062",191,
327,Jammu and Kashmir (JK),Jammu,JA,Jammu,"15,26,406","3,097",596,
328,Assam (AS),Kamrup,KR,Goroimari,"15,17,202","3,480",436,
329,Haryana (HR),Gurgaon,GU,Gurgaon,"15,14,085","2,760","1,241",
330,Gujarat (GJ),Amreli district,AM,Amreli,"15,13,614","6,760",205,
331,Madhya Pradesh (MP),Shajapur,SJ,Shajapur,"15,12,353","6,196",244,
332,Himachal Pradesh (HP),Kangra,KA,Dharamshala,"15,07,223","5,739",263,
333,Odisha (OD),Bhadrak,BH,Bhadrak,"15,06,522","2,788",601,
334,Haryana (HR),Karnal,KR,Karnal,"15,06,323","2,471",598,
335,Tamil Nadu (TN),Dharmapuri,DH,Dharmapuri,"15,02,900","4,532",332,
336,Jharkhand (JH),West Singhbhum,WS,Chaibasa,"15,01,619","7,186",209,
337,Chhattisgarh (CG),Raigarh,RG,Raigarh,"14,93,627","7,068",211,
338,Jharkhand (JH),Deoghar,DE,Deoghar,"14,91,879","2,479",602,
339,Haryana (HR),Sonipat,SNP,Sonipat,"14,80,080","2,260",697,
340,Odisha (OD),Bargarh (Baragarh),BR,Bargarh,"14,78,833","5,832",253,
341,Rajasthan (RJ),Karauli,KA,Karauli,"14,58,459","5,530",264,
342,Madhya Pradesh (MP),Vidisha,VI,Vidisha,"14,58,212","7,362",198,
343,Madhya Pradesh (MP),Ratlam,RL,Ratlam,"14,54,483","4,861",299,
344,Uttar Pradesh (UP),Hapur (Panchsheel Nagar),PN,Hapur,"14,51,983",,,
345,Madhya Pradesh (MP),Tikamgarh,TI,Tikamgarh,"14,44,920","5,055",286,
346,Odisha (OD),Kendrapara,KP,Kendrapara,"14,39,891","2,546",545,
347,Uttar Pradesh (UP),Kanshi Ram Nagar,KR,Kasganj,"14,38,156","1,955",736,
348,Rajasthan (RJ),Tonk,TO,Tonk,"14,21,711","7,194",198,
349,Chhattisgarh (CG),Bastar,BA,Jagdalpur,"14,11,644","4,030",140,
350,Rajasthan (RJ),Jhalawar,JW,Jhalawar,"14,11,327","6,219",227,
351,Karnataka (KA),Koppal,KP,Koppal,"13,91,292","5,565",250,
352,Rajasthan (RJ),Dungapur,DU,Dungarpur,"13,88,906","3,771",368,
353,Punjab (PB),Bathinda,BA,Bathinda,"13,88,859","3,355",414,
354,Gujarat (GJ),Gandhinagar,GA,Gandhinagar,"13,87,478",649,660,
355,Madhya Pradesh (MP),Barwani,BR,Barwani,"13,85,659","5,432",256,
356,Madhya Pradesh (MP),Seoni,SO,Seoni,"13,78,876","8,758",157,
357,Odisha (OD),Koraput,KO,Koraput,"13,76,934","8,534",156,
358,Uttar Pradesh (UP),Auraiya,AU,Auraiya,"13,72,287","2,051",681,
359,Bihar (BR),Munger,MG,Munger,"13,59,054","1,419",958,
360,Karnataka (KA),Uttara Kannada,UK,Karwar,"13,53,299","10,291",132,
361,Gujarat (GJ),Patan,PA,Patan,"13,42,746","5,738",234,
362,Tamil Nadu (TN),Sivaganga,SI,Sivaganga,"13,41,250","4,086",324,
363,Madhya Pradesh (MP),Mandsaur,MS,Mandsaur,"13,39,832","5,530",242,
364,Rajasthan (RJ),Sawai Madhopur,SM,Sawai Madhopur,"13,38,114","4,500",257,
365,Tamil Nadu (TN),Ramanathapuram,RA,Ramanathapuram,"13,37,560","4,123",320,
366,Haryana (HR),Jind,JI,Jind,"13,32,042","2,702",493,
367,Madhya Pradesh (MP),Raisen,RS,Raisen,"13,31,699","8,466",157,
368,Gujarat (GJ),Navsari,NV,Navsari,"13,30,711","2,211",602,
369,Assam (AS),Dibrugarh,DI,Dibrugarh,"13,27,748","3,381",393,
370,Jharkhand (JH),Garhwa,GA,Garhwa,"13,22,387","4,064",327,
371,Maharashtra (MH),Gondia,GO,Gondia,"13,22,331","5,431",253,
372,Jharkhand (JH),Dumka,DU,Dumka,"13,21,096","4,404",300,
373,Assam (AS),Tinsukia,TI,Tinsukia,"13,16,948","3,790",347,
374,Jharkhand (JH),Godda,GO,Godda,"13,11,382","2,110",622,
375,Madhya Pradesh (MP),Sehore,SR,Sehore,"13,11,008","6,578",199,
376,Madhya Pradesh (MP),Khandwa (East Nimar),EN,Khandwa,"13,09,443","7,349",178,
377,Kerala (KL),Kasaragod,KS,Kasaragod,"13,02,600","1,992",654,
378,Uttar Pradesh (UP),Bagpat,BG,Baghpat,"13,02,156","1,345",986,
379,Maharashtra (MH),Wardha,WR,Wardha,"12,96,157","6,309",205,
380,Haryana (HR),Sirsa,SI,Sirsa,"12,95,114","4,276",303,
381,Madhya Pradesh (MP),Katni,KA,Katni,"12,91,684","4,947",261,
382,Odisha (OD),Angul,AN,Angul,"12,71,703","6,347",199,
383,Jammu and Kashmir (JK),Srinagar,SR,Srinagar,"12,69,751","2,228",703,
384,Tamil Nadu (TN),Tiruvarur,TR,Tiruvarur,"12,68,094","2,377",533,
385,Madhya Pradesh (MP),Damoh,DM,Damoh,"12,63,703","7,306",173,
386,Assam (AS),Kamrup Metropolitan,KM,Guwahati,"12,60,419",627,"2,010",
387,Karnataka (KA),Chikkaballapur,CK,Chikkaballapur,"12,54,377","4,208",298,
388,Tamil Nadu (TN),Theni,TH,Theni,"12,43,684","3,066",433,
389,Madhya Pradesh (MP),Hoshangabad,HO,Hoshangabad,"12,40,975","6,698",185,
390,Madhya Pradesh (MP),Guna,GU,Guna,"12,40,938","6,485",194,
391,Rajasthan (RJ),Baran,BR,Baran,"12,23,921","6,955",175,
392,Odisha (OD),Nabarangpur,NB,Nabarangpur,"12,18,762","5,135",230,
393,Uttar Pradesh (UP),Lalitpur,LA,Lalitpur,"12,18,002","5,039",242,
394,Gujarat (GJ),Gir Somnath,,Veraval,"12,17,477","3,754",324,
395,Assam (AS),Karimganj,KR,Karimganj,"12,17,002","1,809",673,
396,Haryana (HR),Yamuna Nagar,YN,Yamuna Nagar,"12,14,162","1,756",687,
397,Rajasthan (RJ),Dholpur,DH,Dholpur,"12,07,293","3,084",398,
398,Chhattisgarh (CG),Korba,KB,Korba,"12,06,563","6,615",183,
399,Haryana (HR),Panipat,PP,Panipat,"12,02,811","1,250",949,
400,Maharashtra (MH),Bhandara,BH,Bhandara,"11,98,810","3,890",293,
401,Maharashtra (MH),Washim,WS,Washim,"11,96,714","5,155",244,
402,Kerala (KL),Pathanamthitta,PT,Pathanamthitta,"11,95,537","2,462",453,
403,Odisha (OD),Dhenkanal,DH,Dhenkanal,"11,92,948","4,597",268,
404,Maharashtra (MH),Hingoli,HI,Hingoli,"11,78,973","4,526",244,
405,Madhya Pradesh (MP),Singrauli,SN,Waidhan,"11,78,132","5,672",208,
406,Karnataka (KA),Udupi,UD,Udupi,"11,77,908","3,879",304,
407,Karnataka (KA),Yadgir,YG,Yadgir,"11,72,985","5,225",224,
408,Rajasthan (RJ),Rajsamand,RA,Rajsamand,"11,58,283","3,853",302,
409,Assam (AS),Sivasagar,SI,Sibsagar,"11,50,253","2,668",431,
410,Jharkhand (JH),Sahibganj,SA,Sahebganj,"11,50,038","1,599",719,
411,Karnataka (KA),Chikkamagaluru,CK,Chikmagalur,"11,37,753","7,201",158,
412,Haryana (HR),Ambala,AM,Ambala,"11,36,784","1,569",722,
413,Odisha (OD),Jagatsinghpur,JS,Jagatsinghpur,"11,36,604","1,759",681,
414,Madhya Pradesh (MP),Sidhi,SI,Sidhi,"11,26,515","10,520",232,
415,Bihar (BR),Jehanabad,JE,Jehanabad,"11,24,176","1,569","1,206",
416,Punjab (PB),Tarn Taran,TT,Tarn Taran Sahib,"11,20,070","2,414",464,
417,Uttar Pradesh (UP),Shravasti,SV,Shravasti,"11,14,615","1,948",572,
418,Rajasthan (RJ),Bundi,BU,Bundi,"11,13,725","5,550",193,
419,Kerala (KL),Idukki,ID,Painavu,"11,07,453","4,479",254,
420,Uttar Pradesh (UP),Hamirpur,HM,Hamirpur,"11,04,021","4,325",268,
421,Madhya Pradesh (MP),Narsinghpur,NA,Narsinghpur,"10,92,141","5,133",213,
422,Assam (AS),Jorhat,JO,Jorhat,"10,91,295","2,851",383,
423,Haryana (HR),Mewat,MW,Nuh,"10,89,406","1,765",729,
424,Karnataka (KA),Ramanagara,RM,Ramanagara,"10,82,739","3,573",303,
425,Tamil Nadu (TN),Karur,KA,Karur,"10,76,588","2,901",371,
426,Haryana (HR),Kaithal,KT,Kaithal,"10,72,861","2,799",467,
427,Gujarat (GJ),Chhota Udaipur,,Chhota Udaipur,"10,71,831","3,237",331,
428,Maharashtra (MH),Gadchiroli,GA,Gadchiroli,"10,71,795","14,412",74,
429,Jammu and Kashmir (JK),Anantnag,AN,Anantnag,"10,70,144",2853,375,
430,Karnataka (KA),Gadag,GA,Gadag-Betageri,"10,65,235","4,651",229,
431,Madhya Pradesh (MP),Shahdol,SH,Shahdol,"10,64,989","6,205",172,
432,Jharkhand (JH),Seraikela Kharsawan,SK,Seraikela,"10,63,458","2,725",390,
433,Haryana (HR),Rohtak,RO,Rohtak,"10,58,683","1,668",607,
434,Assam (AS),Golaghat,GG,Golaghat,"10,58,674","3,502",302,
435,Chandigarh (CH),Chandigarh,CH,Chandigarh,"10,54,686",114,"9,252",
436,Madhya Pradesh (MP),Mandla,ML,Mandla,"10,53,522","5,805",182,
437,Gujarat (GJ),Aravalli,AR,Modasa,"10,51,746","3,217",327,
438,Odisha (OD),Sambalpur,SA,Sambalpur,"10,44,410","6,702",158,
439,Jharkhand (JH),Chatra,CH,Chatra,"10,42,304","3,700",275,
440,Assam (AS),Lakhimpur,LA,North Lakhimpur,"10,40,644","2,277",457,
441,Haryana (HR),Palwal,PW,Palwal,"10,40,493","1,367",761,
442,Rajasthan (RJ),Sirohi,SR,Sirohi,"10,37,185","5,136",202,
443,Chhattisgarh (CG),Mahasamund,MA,Mahasamund,"10,32,275","4,779",216,
444,Jharkhand (JH),Gumla,GU,Gumla,"10,25,656",5327,193,
445,Madhya Pradesh (MP),Jhabua,JH,Jhabua,"10,24,091","6,782",285,
446,Karnataka (KA),Chamarajnagar,CJ,Chamarajanagar,"10,20,962","5,102",200,
447,Madhya Pradesh (MP),Panna,PA,Panna,"10,16,028","7,135",142,
448,Jammu and Kashmir (JK),Baramulla,BR,Baramulla,"10,15,503",3329,305,
449,Assam (AS),Goalpara,GP,Goalpara,"10,08,959","1,824",553,
450,Bihar (BR),Lakhisarai,LA,Lakhisarai,"10,00,717","1,229",815,
451,Himachal Pradesh (HP),Mandi,MA,Mandi,"9,99,518","3,950",253,
452,Gujarat (GJ),Mahisagar,MH,Lunavada,"9,94,624","2,500",398,
453,Punjab (PB),Moga,MO,Moga,"9,92,289","2,235",444,
454,Uttar Pradesh (UP),Chitrakoot,CT,Chitrakoot,"9,90,626","3,202",315,
455,Karnataka (KA),Bangalore Rural,BR,Bangalore,"9,87,257","2,239",441,
456,Punjab (PB),Sahibzada Ajit Singh Nagar,SAS,Ajitgarh,"9,86,147","1,188",830,
457,Assam (AS),Karbi Anglong,KA,Diphu,"9,65,280","10,434",93,
458,Haryana (HR),Kurukshetra,KU,Kurukshetra,"9,64,231","1,530",630,
459,Odisha (OD),Nayagarh,NY,Nayagarh,"9,62,215","3,954",247,
460,Odisha (OD),Rayagada,RA,Rayagada,"9,61,959","7,585",136,
461,Gujarat (GJ),Morbi,,Morbi,"9,60,329","4,871",197,
462,Assam (AS),Morigaon,MA,Marigaon,"9,57,853","1,704",618,
463,Haryana (HR),Jhajjar,JH,Jhajjar,"9,56,907","1,868",522,
464,Uttarakhand (UK),Nainital,NA,Nainital,"9,55,128","3,853",225,
465,Assam (AS),Baksa,BK,Mushalpur,"9,53,773","2,008",475,
466,Jharkhand (JH),Ramgarh,RM,Ramgarh,"9,49,159","1,212",684,
467,Puducherry (PY),Pondicherry,PO,Pondicherry,"9,46,600",293,"3,231",
468,Haryana (HR),Fatehabad,FT,Fatehabad,"9,41,522","2,538",371,
469,Haryana (HR),Mahendragarh,MA,Narnaul,"9,21,680","1,900",485,
470,Tripura (TR),West Tripura,WT,Agartala,"9,17,534",942.55,973,
471,Assam (AS),Darrang,DA,Mangaldoi,"9,08,090","1,849",491,
472,Punjab (PB),Sri Muktsar Sahib,MU,Sri Muktsar Sahib,"9,02,702","2,596",348,
473,Jharkhand (JH),Pakur,PK,Pakur,"8,99,200","1,805",498,
474,Haryana (HR),Rewari,RE,Rewari,"8,96,129","1,559",562,
475,Assam (AS),Kokrajhar,KK,Kokrajhar,"8,86,999","3,129",280,
476,Delhi (DL),North Delhi,NO,Sadar Bazaar,"8,83,418",59,"14,973",
477,Uttar Pradesh (UP),Mahoba,MH,Mahoba,"8,76,055","2,847",288,
478,Jammu and Kashmir (JK),Kupwara,KU,Kupwara,"8,75,564","2,379",368,
479,Rajasthan (RJ),Pratapgarh,PG,Pratapgarh,"8,68,231","4,112",211,
480,Chhattisgarh (CG),Jashpur,JA,Jashpur Nagar,"8,52,043","5,825",146,
481,Maharashtra (MH),Sindhudurg,SI,Oros,"8,48,868","5,207",163,
482,Madhya Pradesh (MP),Ashok Nagar,AS,Ashok Nagar,"8,44,979","4,674",181,
483,Assam (AS),Udalguri,UD,Udalguri,"8,32,769","1,676",497,
484,Madhya Pradesh (MP),Neemuch,NE,Neemuch,"8,25,958","4,267",194,
485,Meghalaya (ML),East Khasi Hills,EK,Shillong,"8,24,059","2,752",292,
486,Goa (GA),North Goa,NG,Panaji,"8,17,761","1,736",471,
487,Punjab (PB),Kapurthala,KA,Kapurthala,"8,17,668","1,646",501,
488,Kerala (KL),Wayanad,WA,Kalpetta,"8,16,558","2,131",383,
489,Himachal Pradesh (HP),Shimla,SH,Shimla,"8,13,384","5,131",159,
490,Gujarat (GJ),Tapi,TA,Vyara,"8,06,489","3,435",249,
491,Chhattisgarh (CG),Dhamtari,DH,Dhamtari,"7,99,199",4081,236,
492,Jharkhand (JH),Jamtara,JA,Jamtara,"7,90,207","1,802",439,
493,Madhya Pradesh (MP),Datia,DT,Datia,"7,86,375","2,694",292,
494,Assam (AS),Nalbari,NL,Nalbari,"7,69,919","1,009",763,
495,Punjab (PB),Mansa,MA,Mansa,"7,68,808","2,174",350,
496,Madhya Pradesh (MP),Burhanpur,BU,Burhanpur,"7,56,993","3,427",221,
497,Gujarat (GJ),Devbhoomi Dwarka,,Khambhalia,"7,52,484","5,684",132,
498,Tamil Nadu (TN),Ariyalur,AY,Ariyalur,"7,52,481","3,208",387,
499,Madhya Pradesh (MP),Anuppur,AP,Anuppur,"7,49,521","3,747",200,
500,Chhattisgarh (CG),Kanker,KK,Kanker,"7,48,593","6,513",115,
501,Jammu and Kashmir (JK),Badgam,BD,Badgam,"7,35,753",1406,537,
502,Tamil Nadu (TN),Nilgiris,NI,Udagamandalam (Ootacamund/Ooty),"7,35,071","2,549",288,
503,Assam (AS),Bongaigaon,BO,Bongaigaon,"7,32,639","1,724",425,
504,Odisha (OD),Kandhamal,KN,Phulbani,"7,31,952","6,004",91,
505,Madhya Pradesh (MP),Alirajpur,AL,Alirajpur,"7,28,677","3,182",229,
506,Jharkhand (JH),Latehar,LA,Latehar,"7,25,673","3,630",200,
507,Jharkhand (JH),Koderma,KO,Koderma,"7,17,169","1,312",427,
508,Madhya Pradesh (MP),Dindori,DI,Dindori,"7,04,218","7,427",94,
509,Bihar (BR),Arwal,AR,Arwal,"7,00,843",638,"1,098",
510,Assam (AS),Dhemaji,DM,Dhemaji,"6,88,077","3,237",213,
511,Madhya Pradesh (MP),Sheopur,SP,Sheopur,"6,87,952","6,585",104,
512,Uttarakhand (UK),Pauri Garhwal,PG,Pauri,"6,86,527","5,438",129,
513,Punjab (PB),Rupnagar,RU,Rupnagar,"6,83,349","1,400",488,
514,Rajasthan (RJ),Jaisalmer,JS,Jaisalmer,"6,72,008","38,401",17,
515,Chhattisgarh (CG),Surajpur,SJ,Surajpur,"6,60,280",6787,150,
516,Assam (AS),Hailakandi,HA,Hailakandi,"6,59,260","1,327",497,
517,Chhattisgarh (CG),Koriya,KJ,Baikunthpur,"6,59,039","6,578",100,
518,Bihar (BR),Sheohar,SO,Sheohar,"6,56,916",443,"1,882",
519,Gujarat (GJ),Botad,,Botad,"6,56,005","2,564",256,
520,Odisha (OD),Subarnapur (Sonepur),SO,Subarnapur,"6,52,107","2,284",279,
521,Madhya Pradesh (MP),Umaria,UM,Umaria,"6,43,579","4,062",158,
522,Meghalaya (ML),West Garo Hills,WG,Tura,"6,42,923","3,714",173,
523,Goa (GA),South Goa,SG,Margao,"6,39,962","1,966",326,
524,Bihar (BR),Sheikhpura,SP,Sheikhpura,"6,34,927",689,922,
525,Uttarakhand (UK),Almora,AL,Almora,"6,21,927","3,090",198,
526,Jammu and Kashmir (JK),Rajouri,RA,Rajouri,"6,19,266","2,630",235,
527,Punjab (PB),Faridkot,FR,Faridkot,"6,18,008","1,472",424,
528,Uttarakhand (UK),Tehri Garhwal,TG,New Tehri,"6,16,409","4,085",169,
529,Jammu and Kashmir (JK),Kathua,KT,Kathua,"6,15,711","2,651",232,
530,Punjab (PB),Shahid Bhagat Singh Nagar,PB,Nawanshahr,"6,14,362","1,283",479,
531,Odisha (OD),Malkangiri,ML,Malkangiri,"6,12,727","6,115",106,
532,Odisha (OD),Nuapada,NU,Nuapada,"6,06,490","3,408",157,
533,Punjab (PB),Fatehgarh Sahib,FT,Fatehgarh Sahib,"5,99,814","1,180",508,
534,Jharkhand (JH),Simdega,SI,Simdega,"5,99,813","3,750",160,
535,Punjab (PB),Barnala,BNL,Barnala,"5,96,294","1,423",419,
536,Gujarat (GJ),Narmada,NR,Rajpipla,"5,90,379","2,749",214,
537,Gujarat (GJ),Porbandar,PO,Porbandar,"5,86,062","2,294",255,
538,Chhattisgarh (CG),Kabirdham (formerly Kawardha),KW,Kawardha,"5,84,667","4,237",195,
539,Odisha (OD),Jharsuguda,JH,Jharsuguda,"5,79,499","2,202",274,
540,Delhi (DL),Central Delhi,CD,Daryaganj,"5,78,671",25,"23,149",
541,Himachal Pradesh (HP),Solan,SO,Solan,"5,76,670","1,936",298,
542,Odisha (OD),Gajapati,GP,Paralakhemundi,"5,75,880","3,056",133,
543,Madhya Pradesh (MP),Harda,HA,Harda,"5,70,302","3,339",171,
544,Jammu and Kashmir (JK),Pulwama,PU,Pulwama,"5,70,060","1,398",598,
545,Tamil Nadu (TN),Perambalur,PE,Perambalur,"5,64,511","1,752",323,
546,Haryana (HR),Panchkula,PK,Panchkula,"5,58,890",816,622,
547,Jammu and Kashmir (JK),Udhampur,UD,Udhampur,"5,55,357","4,550",211,
548,Karnataka (KA),Kodagu,KD,Madikeri,"5,54,762","4,102",135,
549,Chhattisgarh (CG),Dantewada,DA,Dantewada,"5,32,791",3410,59,
550,Jharkhand (JH),Khunti,KH,Khunti,"5,30,299","2,467",215,
551,Himachal Pradesh (HP),Sirmaur,SI,Nahan,"5,30,164","2,825",188,
552,Himachal Pradesh (HP),Una,UNA,Una,"5,21,057","1,540",328,
553,Himachal Pradesh (HP),Chamba,CH,Chamba,"5,18,844","6,528",80,
554,Manipur (MN),Imphal West,WI,Lamphelpat,"5,14,683",519,992,
555,Uttarakhand (UK),Pithoragarh,PI,Pithoragarh,"4,85,993","7,110",69,
556,Tripura (TR),Sepahijala,SP,Bishramganj,"4,84,233",1044.78,463,
557,Assam (AS),Chirang,CH,Kajalgaon,"4,81,818","1,975",244,
558,Jammu and Kashmir (JK),Poonch,PO,Poonch,"4,76,820","1,674",285,
559,Jharkhand (JH),Lohardaga,LO,Lohardaga,"4,61,738","1,494",310,
560,Himachal Pradesh (HP),Hamirpur,HA,Hamirpur,"4,54,293","1,118",406,
561,Manipur (MN),Imphal East,EI,Porompat,"4,52,661",710,638,
562,Odisha (OD),Boudh (Bauda),BD,Boudh,"4,39,917","4,289",142,
563,Himachal Pradesh (HP),Kullu,KU,Kullu,"4,37,474","5,503",79,
564,Tripura (TR),Gomati,GM,"Udaipur, Tripura","4,36,868",1522.8,287,
565,Tripura (TR),South Tripura,ST,Belonia,"4,33,737",1534.2,283,
566,Jammu and Kashmir (JK),Kulgam,KG,Kulgam,"4,22,786",457,925,
567,Chhattisgarh (CG),Surguja,SJ,Surguja,"4,20,661","3,265",150,
568,Manipur (MN),Thoubal,TH,Thoubal,"4,20,517",514,818,
569,Tripura (TR),North Tripura,NT,Dharmanagar,"4,15,946",1444.5,288,
570,Mizoram (MZ),Tuensang,TU,Tuensang,"4,14,801","4,228",98,
571,Jammu and Kashmir (JK),Doda,DO,Doda,"4,09,576","11,691",79,
572,Mizoram (MZ),Aizawl,AI,Aizawl,"4,04,054","3,577",113,
573,Uttarakhand (UK),Chamoli,CL,Gopeshwar,"3,91,114","7,692",49,
574,Meghalaya (ML),West Khasi Hills,WK,Nongstoin,"3,85,601","5,247",73,
575,Jammu and Kashmir (JK),Bandipora,BPR,Bandipore,"3,85,099","3,010",128,
576,Himachal Pradesh (HP),Bilaspur,BI,Bilaspur,"3,82,056","1,167",327,
577,Mizoram (MZ),Dimapur,DI,Dimapur,"3,79,769",926,410,
578,Tripura (TR),Dhalai,DH,Ambassa,"3,77,988","2,400",157,
579,Manipur (MN),Senapati,SE,Senapati,"3,54,972","3,269",109,
580,Dadra and Nagar Haveli (DN),Dadra and Nagar Haveli,DN,Silvassa,"3,42,853",704,698,
581,Uttarakhand (UK),Uttarkashi,UT,Uttarkashi,"3,29,686","7,951",41,
582,Tripura (TR),Khowai,KH,Khowai,"3,27,391",1005.67,326,
583,Jammu and Kashmir (JK),Samba,SB,Samba,"3,18,611",913,318,
584,Meghalaya (ML),East Garo Hills,EG,Williamnagar,"3,17,618","2,603",121,
585,Jammu and Kashmir (JK),Reasi,RS,Reasi,"3,14,714",1710,184,
586,Odisha (OD),Debagarh (Deogarh),DE,Debagarh,"3,12,164","2,781",106,
587,Jammu and Kashmir (JK),Ganderbal,GB,Ganderbal,"2,97,003",258,"1,151",
588,Jammu and Kashmir (JK),Ramban,RB,Ramban,"2,83,313","1,330",213,
589,Sikkim (SK),East Sikkim,ES,Gangtok,"2,81,293",954,295,
590,Tripura (TR),Unokoti,UK,Kailashahar,"2,77,335",591.93,469,
591,Manipur (MN),Churachandpur,CC,Churachandpur,"2,71,274","4,574",59,
592,Meghalaya (ML),West Jaintia Hills,WG,Jowai,"2,70,352","1,693",,
593,Mizoram (MZ),Kohima,KO,Kohima,"2,70,063","1,041",213,
594,Jammu and Kashmir (JK),Shopian,SH,Shupiyan,"2,65,960",312,852,
595,Uttarakhand (UK),Bageshwar,BA,Bageshwar,"2,59,840","2,310",116,
596,Mizoram (MZ),Mon,MN,Mon,"2,59,604","1,786",145,
597,Uttarakhand (UK),Champawat,CP,Champawat,"2,59,315","1,781",147,
598,Meghalaya (ML),Ri Bhoi,RB,Nongpoh,"2,58,380","2,378",109,
599,Chhattisgarh (CG),Bijapur,BJ,Bijapur,"2,55,180","6,555",39,
600,Chhattisgarh (CG),Sukma,SK,Sukma,"2,49,000","5,635.79",49,
601,Manipur (MN),Bishnupur,BI,Bishnupur,"2,40,363",496,485,
602,Andaman and Nicobar (AN),South Andaman,SA,Port Blair,"2,37,586","3,181",80,
603,Uttarakhand (UK),Rudraprayag,RP,Rudraprayag,"2,36,857","1,896",119,
604,Jammu and Kashmir (JK),Kishtwar,KW,Kishtwar,"2,31,037",1848,125,
605,Gujarat (GJ),Dang,DG,Ahwa,"2,26,769","1,764",129,
606,Assam (AS),Dima Hasao,NC,Haflong,"2,13,529","4,888",44,
607,Puducherry (PY),Karaikal,KA,Karaikal,"2,00,314",160,"1,252",
608,Mizoram (MZ),Mokokchung,MK,Mokokchung,"1,93,171","1,615",120,
609,Daman and Diu (DD),Daman,DA,Daman,"1,90,855",72,"2,651",
610,Manipur (MN),Ukhrul,UK,Ukhrul,"1,83,115","4,547",40,
611,Arunachal Pradesh (AR),Papum Pare,PA,Yupia,"1,76,385","2,875",51,
612,Mizoram (MZ),Wokha,WO,Wokha,"1,66,239","1,628",120,
613,Mizoram (MZ),Peren,PE,Peren,"1,63,294","2,300",55,
614,Mizoram (MZ),Phek,PH,Phek,"1,63,294","2,026",81,
615,Mizoram (MZ),Lunglei,LU,Lunglei,"1,54,094","4,572",34,
616,Arunachal Pradesh (AR),Changlang,CH,Changlang,"1,47,951","4,662",32,
617,Jammu and Kashmir (JK),Leh,LE,Leh,"1,47,104","45,110",3,
618,Sikkim (SK),South Sikkim,SS,Namchi,"1,46,742",750,196,
619,Arunachal Pradesh (AR),Lohit,EL,Tezu,"1,45,538","2,402",28,
620,Manipur (MN),Chandel,CD,Chandel,"1,44,028","3,317",43,
621,Jammu and Kashmir (JK),Kargil,KR,Kargil,"1,43,388","14,036",10,
622,Meghalaya (ML),South Garo Hills,SG,Baghmara,"1,42,574","1,850",77,
623,Mizoram (MZ),Zunheboto,ZU,Zunheboto,"1,41,014","1,255",112,
624,Chhattisgarh (CG),Narayanpur,NR,Narayanpur,"1,40,206","6,640",20,
625,Manipur (MN),Tamenglong,TA,Tamenglong,"1,40,143","4,391",32,
626,Sikkim (SK),West Sikkim,WS,Geyzing,"1,36,299","1,166",117,
627,Delhi (DL),New Delhi,ND,Connaught Place,"1,33,713",22,"3,820",
628,Mizoram (MZ),Champhai,CH,Champhai,"1,25,370","3,168",39,
629,Meghalaya (ML),East Jaintia Hills,,Khleihriat,"1,22,436","2,115",,
630,Meghalaya (ML),North Garo Hills,,Resubelpara,"1,18,325","1,113",,
631,Mizoram (MZ),Lawngtlai,LA,Lawngtlai,"1,17,444","2,519",46,
632,Arunachal Pradesh (AR),West Siang,WS,Along,"1,12,272","8,325",23,
633,Arunachal Pradesh (AR),Tirap,TI,Khonsa,"1,11,997","2,362",47,
634,Meghalaya (ML),South West Khasi Hills,,Mawkyrwat,"1,10,152","1,341",,
635,Andaman and Nicobar (AN),North and Middle Andaman,NA,Mayabunder,"1,05,539","3,227",32,
636,Arunachal Pradesh (AR),East Siang,ES,Pasighat,"99,019","3,603",27,
637,Arunachal Pradesh (AR),Kurung Kumey,KK,Koloriang,"89,717","6,040",15,
638,Arunachal Pradesh (AR),West Kameng,WK,Bomdila,"87,013","7,422",12,
639,Mizoram (MZ),Mamit,MA,Mamit,"85,757","2,967",28,
640,Himachal Pradesh (HP),Kinnaur,KI,Reckong Peo,"84,298","6,401",13,
641,Arunachal Pradesh (AR),Upper Subansiri,UB,Daporijo,"83,205","7,032",12,
642,Mizoram (MZ),Kolasib,KO,Kolasib,"83,054","1,386",60,
643,Arunachal Pradesh (AR),Lower Subansiri,LB,Ziro,"82,839","3,508",24,
644,Arunachal Pradesh (AR),East Kameng,EK,Seppa,"78,413","4,134",19,
645,Mizoram (MZ),Kiphire,KI,Kiphire,"74,033","1,255",66,
646,Mizoram (MZ),Serchhip,SE,Serchhip,"64,875","1,424",46,
647,Lakshadweep (LD),Lakshadweep,LD,Kavaratti,"64,429",32,"2,013",
648,Mizoram (MZ),Saiha,SA,Saiha,"56,366","1,414",40,
649,Puducherry (PY),Yanam,YA,Yanam,"55,616",17,"3,272",
650,Arunachal Pradesh (AR),Lower Dibang Valley,DV,Anini,"53,986","3,900",14,
651,Daman and Diu (DD),Diu,DI,Diu,"52,056",40,"1,301",
652,Mizoram (MZ),Longleng,LO,Longleng,"50,593",885,89,
653,Arunachal Pradesh (AR),Tawang,TA,Tawang Town,"49,950","2,085",23,
654,Sikkim (SK),North Sikkim,NS,Mangan,"43,354","4,226",10,
655,Puducherry (PY),Mahe,MA,Mahé,"41,934",9,"4,659",
656,Andaman and Nicobar (AN),Nicobar,NI,Car Nicobar,"36,819","1,841",20,
657,Arunachal Pradesh (AR),Upper Siang,US,Yingkiong,"35,289","6,188",5,
658,Himachal Pradesh (HP),Lahaul and Spiti,LS,Keylong,"31,528","13,835",2,
659,Arunachal Pradesh (AR),Anjaw,AJ,Hawai,"21,089","6,190",3,
660,Arunachal Pradesh (AR),Dibang Valley,UD,Anini,"7,948","9,129",1,
661,Punjab (PB),Fazilka,FA,Fazilka,,-, —,
662,Uttar Pradesh (UP),Shamli,SH,Shamli,,, —,
663,Chhattisgarh (CG),Balrampur,,Balrampur,,3806.08,-,
664,Chhattisgarh (CG),Bemetara,,Bemetara,,-,-,
665,Maharashtra (MH),Palghar,-,Palghar,,-,-,
666,Arunachal Pradesh (AR),Longding,LD,Longding,,,,
667,Chhattisgarh (CG),Balod,,Balod,,,,
668,Chhattisgarh (CG),Baloda Bazar,,Baloda Bazar,,,,
669,Chhattisgarh (CG),Gariaband,,Gariaband,,,,
670,Chhattisgarh (CG),Kondagaon,,Kondagaon,,,,
671,Chhattisgarh (CG),Mungeli,,Mungeli,,,,
672,Delhi (DL),Shahdara,,Shahdara,,,,
673,Delhi (DL),South East Delhi,,Defence Colony,,,,
674,Madhya Pradesh (MP),Agar,AG,Agar,,,,
675,Meghalaya (ML),South West Garo Hills,,Ampati,,,,
676,Uttar Pradesh (UP),Amethi (Chhatrapati Shahuji Maharaj Nagar),CS,Gauriganj,,,,
,,,,,,,,
,,,,,,,,
,,,,,,,,
,"For more information, kindly visit :  www.downloadexcelfiles.com",,,,,,,
